タスク名,開始日,終了日,期間,担当者,前提タスク,進捗率,優先度,備考
プロジェクト開始,2025/8/8,2025/8/8,1,PM,,100%,高,キックオフミーティング
Phase1: 企画・要件定義,2025/8/8,2025/8/31,24,全チーム,,0%,高,
  要件整理・分析,2025/8/8,2025/8/15,8,主任開発者・BA,プロジェクト開始,0%,高,
  システム要件定義,2025/8/16,2025/8/25,10,全チーム,要件整理・分析,0%,高,
  要件定義書作成,2025/8/26,2025/8/31,6,PM・主任開発者,システム要件定義,0%,高,
Phase2: 基本設計・詳細設計,2025/9/1,2025/9/30,30,開発チーム,,0%,高,
  基本設計,2025/9/1,2025/9/15,15,主任開発者,要件定義書作成,0%,高,
  データベース設計,2025/9/10,2025/9/20,11,バックエンド開発者,基本設計,0%,高,
  API設計,2025/9/15,2025/9/25,11,バックエンド開発者,基本設計,0%,高,
  UI/UX設計,2025/9/16,2025/9/30,15,フロントエンド開発者,基本設計,0%,高,
  詳細設計書完成,2025/9/26,2025/9/30,5,全開発者,各設計完了,0%,高,
Phase3: インフラ・環境構築,2025/9/15,2025/10/15,31,インフラ開発者,,0%,高,
  開発環境構築,2025/9/15,2025/9/25,11,インフラ開発者,基本設計,0%,高,
  ステージング環境構築,2025/9/26,2025/10/5,10,インフラ開発者,開発環境構築,0%,高,
  本番環境設計,2025/10/1,2025/10/10,10,インフラ開発者,ステージング環境構築,0%,高,
  CI/CD構築,2025/10/6,2025/10/15,10,インフラ開発者,ステージング環境構築,0%,中,
Phase4: 開発・実装,2025/10/1,2025/10/31,31,開発チーム,,0%,高,
  ニュース収集機能,2025/10/1,2025/10/10,10,バックエンド開発者,詳細設計書完成,0%,高,
  翻訳機能実装,2025/10/8,2025/10/15,8,バックエンド開発者,ニュース収集機能,0%,高,
  AI分析機能,2025/10/11,2025/10/20,10,バックエンド開発者,ニュース収集機能,0%,高,
  レポート生成機能,2025/10/16,2025/10/25,10,フロントエンド開発者,翻訳機能実装,0%,高,
  Gmail配信機能,2025/10/21,2025/10/28,8,フロントエンド開発者,AI分析機能,0%,高,
  統合・調整,2025/10/26,2025/10/31,6,全開発者,各機能実装完了,0%,高,
Phase5: テスト・品質保証,2025/11/1,2025/11/20,20,全チーム,,0%,高,
  単体テスト,2025/11/1,2025/11/5,5,各開発者,統合・調整,0%,高,
  統合テスト,2025/11/6,2025/11/10,5,テストチーム,単体テスト,0%,高,
  システムテスト,2025/11/11,2025/11/15,5,全チーム,統合テスト,0%,高,
  負荷・セキュリティテスト,2025/11/16,2025/11/18,3,インフラ・セキュリティ,システムテスト,0%,高,
  テスト結果取りまとめ,2025/11/19,2025/11/20,2,PM,負荷・セキュリティテスト,0%,中,
Phase6: 移行・リリース,2025/11/21,2025/11/30,10,全チーム,,0%,高,
  本番環境最終構築,2025/11/21,2025/11/24,4,インフラ開発者,テスト結果取りまとめ,0%,高,
  データ移行・検証,2025/11/25,2025/11/27,3,バックエンド・インフラ,本番環境最終構築,0%,高,
  最終動作確認,2025/11/28,2025/11/29,2,全チーム,データ移行・検証,0%,高,
  本番リリース,2025/11/30,2025/11/30,1,全チーム,最終動作確認,0%,高,正式稼働開始
運用開始,2025/12/1,2025/12/1,1,運用チーム,本番リリース,0%,中,24時間監視開始